,shap_mlp_x_test_original,eXirt_mlp_x_test_original,skater_mlp_x_test_original,eli5_mlp_x_test_original,dalex_mlp_x_test_original,lofo_mlp_x_test_original,shap_mlp_x_test_1%_permute,eXirt_mlp_x_test_1%_permute,skater_mlp_x_test_1%_permute,eli5_mlp_x_test_1%_permute,dalex_mlp_x_test_1%_permute,lofo_mlp_x_test_1%_permute,shap_mlp_x_test_2%_permute,eXirt_mlp_x_test_2%_permute,skater_mlp_x_test_2%_permute,eli5_mlp_x_test_2%_permute,dalex_mlp_x_test_2%_permute,lofo_mlp_x_test_2%_permute,shap_mlp_x_test_3%_permute,eXirt_mlp_x_test_3%_permute,skater_mlp_x_test_3%_permute,eli5_mlp_x_test_3%_permute,dalex_mlp_x_test_3%_permute,lofo_mlp_x_test_3%_permute,shap_mlp_x_test_4%_permute,eXirt_mlp_x_test_4%_permute,skater_mlp_x_test_4%_permute,eli5_mlp_x_test_4%_permute,dalex_mlp_x_test_4%_permute,lofo_mlp_x_test_4%_permute,shap_mlp_x_test_5%_permute,eXirt_mlp_x_test_5%_permute,skater_mlp_x_test_5%_permute,eli5_mlp_x_test_5%_permute,dalex_mlp_x_test_5%_permute,lofo_mlp_x_test_5%_permute,shap_mlp_x_test_6%_permute,eXirt_mlp_x_test_6%_permute,skater_mlp_x_test_6%_permute,eli5_mlp_x_test_6%_permute,dalex_mlp_x_test_6%_permute,lofo_mlp_x_test_6%_permute,shap_mlp_x_test_7%_permute,eXirt_mlp_x_test_7%_permute,skater_mlp_x_test_7%_permute,eli5_mlp_x_test_7%_permute,dalex_mlp_x_test_7%_permute,lofo_mlp_x_test_7%_permute,shap_mlp_x_test_8%_permute,eXirt_mlp_x_test_8%_permute,skater_mlp_x_test_8%_permute,eli5_mlp_x_test_8%_permute,dalex_mlp_x_test_8%_permute,lofo_mlp_x_test_8%_permute,shap_mlp_x_test_9%_permute,eXirt_mlp_x_test_9%_permute,skater_mlp_x_test_9%_permute,eli5_mlp_x_test_9%_permute,dalex_mlp_x_test_9%_permute,lofo_mlp_x_test_9%_permute,shap_mlp_x_test_10%_permute,eXirt_mlp_x_test_10%_permute,skater_mlp_x_test_10%_permute,eli5_mlp_x_test_10%_permute,dalex_mlp_x_test_10%_permute,lofo_mlp_x_test_10%_permute,shap_lgbm_x_test_original,eXirt_lgbm_x_test_original,skater_lgbm_x_test_original,eli5_lgbm_x_test_original,dalex_lgbm_x_test_original,lofo_lgbm_x_test_original,shap_lgbm_x_test_1%_permute,eXirt_lgbm_x_test_1%_permute,skater_lgbm_x_test_1%_permute,eli5_lgbm_x_test_1%_permute,dalex_lgbm_x_test_1%_permute,lofo_lgbm_x_test_1%_permute,shap_lgbm_x_test_2%_permute,eXirt_lgbm_x_test_2%_permute,skater_lgbm_x_test_2%_permute,eli5_lgbm_x_test_2%_permute,dalex_lgbm_x_test_2%_permute,lofo_lgbm_x_test_2%_permute,shap_lgbm_x_test_3%_permute,eXirt_lgbm_x_test_3%_permute,skater_lgbm_x_test_3%_permute,eli5_lgbm_x_test_3%_permute,dalex_lgbm_x_test_3%_permute,lofo_lgbm_x_test_3%_permute,shap_lgbm_x_test_4%_permute,eXirt_lgbm_x_test_4%_permute,skater_lgbm_x_test_4%_permute,eli5_lgbm_x_test_4%_permute,dalex_lgbm_x_test_4%_permute,lofo_lgbm_x_test_4%_permute,shap_lgbm_x_test_5%_permute,eXirt_lgbm_x_test_5%_permute,skater_lgbm_x_test_5%_permute,eli5_lgbm_x_test_5%_permute,dalex_lgbm_x_test_5%_permute,lofo_lgbm_x_test_5%_permute,shap_lgbm_x_test_6%_permute,eXirt_lgbm_x_test_6%_permute,skater_lgbm_x_test_6%_permute,eli5_lgbm_x_test_6%_permute,dalex_lgbm_x_test_6%_permute,lofo_lgbm_x_test_6%_permute,shap_lgbm_x_test_7%_permute,eXirt_lgbm_x_test_7%_permute,skater_lgbm_x_test_7%_permute,eli5_lgbm_x_test_7%_permute,dalex_lgbm_x_test_7%_permute,lofo_lgbm_x_test_7%_permute,shap_lgbm_x_test_8%_permute,eXirt_lgbm_x_test_8%_permute,skater_lgbm_x_test_8%_permute,eli5_lgbm_x_test_8%_permute,dalex_lgbm_x_test_8%_permute,lofo_lgbm_x_test_8%_permute,shap_lgbm_x_test_9%_permute,eXirt_lgbm_x_test_9%_permute,skater_lgbm_x_test_9%_permute,eli5_lgbm_x_test_9%_permute,dalex_lgbm_x_test_9%_permute,lofo_lgbm_x_test_9%_permute,shap_lgbm_x_test_10%_permute,eXirt_lgbm_x_test_10%_permute,skater_lgbm_x_test_10%_permute,eli5_lgbm_x_test_10%_permute,dalex_lgbm_x_test_10%_permute,lofo_lgbm_x_test_10%_permute,shap_knn_x_test_original,eXirt_knn_x_test_original,skater_knn_x_test_original,eli5_knn_x_test_original,dalex_knn_x_test_original,lofo_knn_x_test_original,shap_knn_x_test_1%_permute,eXirt_knn_x_test_1%_permute,skater_knn_x_test_1%_permute,eli5_knn_x_test_1%_permute,dalex_knn_x_test_1%_permute,lofo_knn_x_test_1%_permute,shap_knn_x_test_2%_permute,eXirt_knn_x_test_2%_permute,skater_knn_x_test_2%_permute,eli5_knn_x_test_2%_permute,dalex_knn_x_test_2%_permute,lofo_knn_x_test_2%_permute,shap_knn_x_test_3%_permute,eXirt_knn_x_test_3%_permute,skater_knn_x_test_3%_permute,eli5_knn_x_test_3%_permute,dalex_knn_x_test_3%_permute,lofo_knn_x_test_3%_permute,shap_knn_x_test_4%_permute,eXirt_knn_x_test_4%_permute,skater_knn_x_test_4%_permute,eli5_knn_x_test_4%_permute,dalex_knn_x_test_4%_permute,lofo_knn_x_test_4%_permute,shap_knn_x_test_5%_permute,eXirt_knn_x_test_5%_permute,skater_knn_x_test_5%_permute,eli5_knn_x_test_5%_permute,dalex_knn_x_test_5%_permute,lofo_knn_x_test_5%_permute,shap_knn_x_test_6%_permute,eXirt_knn_x_test_6%_permute,skater_knn_x_test_6%_permute,eli5_knn_x_test_6%_permute,dalex_knn_x_test_6%_permute,lofo_knn_x_test_6%_permute,shap_knn_x_test_7%_permute,eXirt_knn_x_test_7%_permute,skater_knn_x_test_7%_permute,eli5_knn_x_test_7%_permute,dalex_knn_x_test_7%_permute,lofo_knn_x_test_7%_permute,shap_knn_x_test_8%_permute,eXirt_knn_x_test_8%_permute,skater_knn_x_test_8%_permute,eli5_knn_x_test_8%_permute,dalex_knn_x_test_8%_permute,lofo_knn_x_test_8%_permute,shap_knn_x_test_9%_permute,eXirt_knn_x_test_9%_permute,skater_knn_x_test_9%_permute,eli5_knn_x_test_9%_permute,dalex_knn_x_test_9%_permute,lofo_knn_x_test_9%_permute,shap_knn_x_test_10%_permute,eXirt_knn_x_test_10%_permute,skater_knn_x_test_10%_permute,eli5_knn_x_test_10%_permute,dalex_knn_x_test_10%_permute,lofo_knn_x_test_10%_permute,shap_dt_x_test_original,eXirt_dt_x_test_original,skater_dt_x_test_original,eli5_dt_x_test_original,dalex_dt_x_test_original,lofo_dt_x_test_original,shap_dt_x_test_1%_permute,eXirt_dt_x_test_1%_permute,skater_dt_x_test_1%_permute,eli5_dt_x_test_1%_permute,dalex_dt_x_test_1%_permute,lofo_dt_x_test_1%_permute,shap_dt_x_test_2%_permute,eXirt_dt_x_test_2%_permute,skater_dt_x_test_2%_permute,eli5_dt_x_test_2%_permute,dalex_dt_x_test_2%_permute,lofo_dt_x_test_2%_permute,shap_dt_x_test_3%_permute,eXirt_dt_x_test_3%_permute,skater_dt_x_test_3%_permute,eli5_dt_x_test_3%_permute,dalex_dt_x_test_3%_permute,lofo_dt_x_test_3%_permute,shap_dt_x_test_4%_permute,eXirt_dt_x_test_4%_permute,skater_dt_x_test_4%_permute,eli5_dt_x_test_4%_permute,dalex_dt_x_test_4%_permute,lofo_dt_x_test_4%_permute,shap_dt_x_test_5%_permute,eXirt_dt_x_test_5%_permute,skater_dt_x_test_5%_permute,eli5_dt_x_test_5%_permute,dalex_dt_x_test_5%_permute,lofo_dt_x_test_5%_permute,shap_dt_x_test_6%_permute,eXirt_dt_x_test_6%_permute,skater_dt_x_test_6%_permute,eli5_dt_x_test_6%_permute,dalex_dt_x_test_6%_permute,lofo_dt_x_test_6%_permute,shap_dt_x_test_7%_permute,eXirt_dt_x_test_7%_permute,skater_dt_x_test_7%_permute,eli5_dt_x_test_7%_permute,dalex_dt_x_test_7%_permute,lofo_dt_x_test_7%_permute,shap_dt_x_test_8%_permute,eXirt_dt_x_test_8%_permute,skater_dt_x_test_8%_permute,eli5_dt_x_test_8%_permute,dalex_dt_x_test_8%_permute,lofo_dt_x_test_8%_permute,shap_dt_x_test_9%_permute,eXirt_dt_x_test_9%_permute,skater_dt_x_test_9%_permute,eli5_dt_x_test_9%_permute,dalex_dt_x_test_9%_permute,lofo_dt_x_test_9%_permute,shap_dt_x_test_10%_permute,eXirt_dt_x_test_10%_permute,skater_dt_x_test_10%_permute,eli5_dt_x_test_10%_permute,dalex_dt_x_test_10%_permute,lofo_dt_x_test_10%_permute
0,V7,V1,V3,V13,V3,V11,V3,V1,V3,V9,V3,V1,V3,V1,V3,V13,V18,V3,V3,V1,V3,V13,V3,V8,V3,V1,V3,V9,V16,V18,V3,V13,V3,V9,V13,V20,V3,V1,V3,V13,V3,V16,V3,V1,V3,V9,V3,V15,V3,V1,V3,V9,V3,V3,V3,V1,V3,V13,V15,V6,V15,V3,V3,V9,V11,V2,V3,V1,V3,V9,V3,V9,V3,V1,V3,V9,V3,V9,V3,V1,V3,V9,V15,V9,V3,V1,V3,V9,V3,V9,V3,V1,V3,V9,V15,V9,V3,V1,V3,V9,V8,V9,V3,V1,V3,V9,V3,V9,V3,V1,V3,V9,V3,V9,V3,V1,V3,V9,V10,V9,V3,V1,V3,V9,V15,V9,V3,V1,V3,V9,V16,V9,V4,V15,V7,V16,V16,V14,V4,V15,V7,V1,V6,V8,V8,V5,V8,V16,V6,V11,V4,V15,V8,V4,V1,V12,V3,V13,V8,V16,V7,V18,V3,V15,V8,V16,V13,V8,V3,V15,V8,V16,V2,V4,V16,V15,V8,V7,V7,V6,V3,V15,V8,V16,V14,V17,V4,V5,V8,V5,V11,V7,V3,V16,V8,V5,V19,V17,V3,V1,V3,V9,V3,V6,V3,V1,V3,V9,V3,V9,V3,V1,V3,V9,V3,V9,V3,V1,V3,V9,V3,V7,V3,V1,V3,V9,V3,V19,V3,V1,V3,V9,V3,V9,V3,V1,V3,V9,V3,V10,V3,V1,V3,V9,V3,V9,V3,V1,V3,V9,V9,V9,V15,V1,V3,V9,V9,V19,V3,V1,V3,V9,V16,V16
1,V17,V18,V16,V9,V6,V3,V16,V18,V16,V8,V17,V4,V16,V18,V16,V9,V6,V12,V16,V18,V16,V9,V11,V2,V1,V18,V16,V8,V11,V4,V16,V1,V16,V8,V11,V19,V16,V18,V16,V9,V18,V19,V1,V18,V16,V8,V8,V10,V16,V18,V16,V8,V8,V16,V16,V18,V16,V9,V5,V5,V4,V1,V16,V8,V16,V14,V15,V18,V15,V8,V15,V8,V15,V18,V15,V8,V15,V8,V15,V18,V15,V8,V3,V8,V15,V18,V15,V8,V9,V8,V15,V18,V15,V8,V3,V8,V15,V18,V15,V8,V3,V8,V15,V18,V15,V8,V4,V8,V15,V18,V15,V8,V4,V8,V15,V18,V15,V8,V15,V8,V15,V18,V15,V8,V10,V8,V15,V18,V15,V8,V8,V8,V3,V16,V5,V5,V11,V19,V10,V1,V8,V16,V4,V11,V3,V1,V5,V5,V1,V12,V16,V16,V7,V11,V15,V11,V9,V15,V7,V8,V5,V11,V16,V1,V7,V11,V4,V19,V8,V13,V5,V7,V12,V3,V4,V5,V5,V5,V2,V5,V8,V5,V5,V1,V1,V7,V3,V1,V5,V4,V15,V9,V15,V15,V5,V16,V14,V12,V16,V18,V16,V8,V16,V8,V16,V18,V16,V8,V16,V5,V16,V18,V16,V8,V16,V19,V16,V18,V16,V8,V9,V2,V16,V18,V16,V8,V16,V13,V16,V18,V16,V8,V16,V7,V16,V18,V16,V8,V9,V9,V16,V18,V16,V8,V9,V7,V16,V18,V16,V8,V8,V8,V16,V18,V16,V8,V8,V9,V16,V18,V16,V8,V9,V20
2,V16,V17,V1,V8,V16,V10,V1,V17,V1,V7,V12,V6,V1,V17,V1,V8,V15,V14,V1,V17,V1,V8,V15,V3,V16,V17,V1,V7,V19,V20,V1,V18,V1,V7,V3,V13,V1,V17,V1,V8,V13,V20,V16,V17,V1,V7,V4,V7,V1,V17,V1,V7,V18,V11,V1,V17,V1,V8,V17,V4,V11,V18,V1,V7,V10,V12,V16,V17,V16,V7,V16,V7,V16,V17,V16,V7,V16,V7,V16,V17,V16,V7,V10,V7,V16,V17,V16,V7,V10,V7,V16,V17,V16,V7,V16,V7,V16,V17,V16,V7,V4,V7,V16,V17,V16,V7,V18,V7,V16,V17,V16,V7,V18,V7,V16,V17,V16,V7,V8,V7,V16,V17,V16,V7,V8,V7,V16,V17,V16,V7,V18,V7,V10,V2,V2,V15,V18,V7,V16,V5,V5,V3,V1,V6,V4,V15,V7,V18,V3,V10,V8,V5,V5,V18,V17,V17,V8,V16,V5,V4,V6,V17,V15,V5,V5,V14,V3,V7,V4,V5,V7,V8,V5,V11,V3,V1,V7,V14,V6,V18,V15,V1,V6,V6,V15,V4,V8,V11,V7,V14,V16,V6,V16,V5,V6,V4,V6,V9,V1,V17,V9,V7,V9,V7,V1,V17,V9,V7,V9,V14,V2,V17,V9,V7,V9,V10,V2,V17,V9,V7,V8,V19,V2,V17,V9,V7,V9,V9,V1,V17,V9,V7,V9,V6,V2,V17,V9,V7,V8,V8,V1,V17,V9,V7,V8,V6,V1,V17,V9,V7,V7,V7,V10,V17,V9,V7,V7,V8,V1,V17,V9,V7,V8,V9
3,V4,V16,V15,V7,V15,V4,V15,V16,V15,V6,V8,V20,V15,V16,V15,V7,V3,V11,V15,V16,V15,V7,V8,V10,V6,V16,V12,V6,V10,V13,V6,V17,V12,V6,V17,V1,V12,V16,V6,V7,V15,V11,V6,V16,V12,V6,V5,V5,V6,V16,V12,V6,V17,V10,V6,V16,V12,V7,V7,V20,V19,V17,V12,V6,V8,V9,V4,V16,V4,V6,V8,V6,V4,V16,V4,V6,V18,V6,V4,V16,V4,V6,V8,V6,V14,V16,V4,V6,V4,V6,V4,V16,V4,V6,V9,V6,V4,V16,V4,V6,V16,V6,V4,V16,V4,V6,V8,V6,V4,V16,V4,V6,V9,V6,V4,V16,V4,V6,V11,V6,V4,V16,V4,V6,V9,V6,V4,V16,V4,V6,V15,V6,V7,V5,V8,V20,V10,V17,V15,V16,V2,V13,V3,V13,V16,V2,V2,V10,V4,V4,V5,V13,V4,V19,V11,V18,V4,V5,V3,V14,V15,V12,V8,V13,V4,V3,V17,V20,V16,V1,V6,V14,V17,V17,V11,V16,V6,V16,V12,V13,V2,V11,V7,V3,V5,V3,V16,V6,V10,V10,V5,V4,V8,V2,V7,V11,V5,V5,V2,V16,V8,V6,V8,V5,V2,V16,V8,V6,V8,V12,V1,V16,V8,V6,V8,V7,V7,V16,V8,V6,V7,V16,V1,V16,V8,V6,V8,V8,V2,V16,V8,V6,V8,V5,V1,V16,V8,V6,V7,V7,V2,V16,V8,V6,V7,V5,V2,V16,V8,V6,V6,V6,V9,V16,V8,V6,V6,V7,V18,V16,V8,V6,V7,V8
4,V9,V15,V6,V6,V18,V12,V8,V15,V6,V5,V16,V17,V5,V15,V6,V6,V17,V5,V6,V15,V6,V6,V10,V4,V18,V15,V15,V5,V8,V5,V12,V16,V6,V5,V5,V6,V6,V15,V12,V6,V12,V10,V15,V15,V15,V5,V17,V11,V12,V15,V15,V5,V15,V9,V15,V15,V6,V6,V18,V2,V10,V16,V6,V5,V13,V3,V7,V15,V8,V5,V4,V5,V1,V15,V8,V5,V8,V5,V11,V15,V8,V5,V4,V5,V4,V15,V8,V5,V8,V5,V8,V15,V8,V5,V14,V5,V8,V15,V8,V5,V20,V5,V8,V15,V8,V5,V17,V5,V9,V15,V8,V5,V16,V5,V6,V15,V8,V5,V17,V5,V6,V15,V8,V5,V1,V5,V5,V15,V8,V5,V19,V5,V8,V6,V4,V17,V2,V1,V2,V2,V17,V2,V7,V12,V1,V14,V4,V1,V16,V3,V3,V14,V3,V13,V3,V2,V7,V2,V2,V10,V16,V13,V1,V11,V3,V12,V5,V6,V1,V16,V4,V4,V4,V1,V10,V13,V3,V15,V14,V12,V16,V13,V10,V13,V11,V19,V10,V15,V6,V9,V10,V3,V10,V13,V4,V3,V11,V20,V8,V15,V7,V5,V7,V4,V12,V15,V7,V5,V7,V8,V12,V15,V7,V5,V7,V6,V12,V15,V7,V5,V6,V10,V8,V15,V7,V5,V7,V7,V7,V15,V7,V5,V7,V4,V13,V15,V7,V5,V6,V6,V7,V15,V7,V5,V6,V4,V13,V15,V7,V5,V5,V5,V4,V15,V7,V5,V5,V6,V2,V15,V7,V5,V6,V7
5,V14,V14,V5,V5,V5,V20,V12,V14,V12,V4,V14,V15,V12,V14,V12,V5,V8,V17,V12,V14,V12,V5,V1,V15,V7,V14,V6,V4,V3,V2,V8,V15,V15,V4,V9,V3,V8,V14,V15,V5,V8,V4,V8,V14,V6,V4,V14,V9,V8,V14,V6,V4,V10,V20,V12,V14,V15,V5,V4,V19,V17,V15,V19,V4,V5,V20,V14,V14,V14,V4,V11,V4,V5,V14,V14,V4,V14,V4,V8,V14,V14,V4,V16,V4,V6,V14,V14,V4,V16,V4,V10,V14,V14,V4,V12,V4,V1,V14,V14,V4,V15,V4,V10,V14,V9,V4,V7,V4,V14,V14,V14,V4,V6,V4,V1,V14,V14,V4,V18,V4,V13,V14,V14,V4,V20,V4,V13,V14,V14,V4,V9,V4,V6,V1,V3,V14,V4,V5,V8,V13,V10,V11,V17,V1,V15,V11,V3,V2,V8,V20,V6,V2,V2,V3,V4,V16,V16,V11,V4,V12,V13,V4,V12,V2,V2,V4,V12,V5,V7,V2,V3,V19,V3,V9,V6,V14,V10,V6,V10,V9,V10,V2,V4,V14,V8,V18,V12,V17,V13,V2,V2,V19,V4,V1,V3,V10,V15,V6,V7,V14,V6,V4,V6,V3,V7,V14,V6,V4,V6,V7,V7,V14,V6,V4,V6,V5,V1,V14,V6,V4,V5,V9,V7,V14,V6,V4,V6,V6,V14,V14,V6,V4,V6,V18,V7,V14,V6,V4,V5,V5,V10,V14,V6,V4,V5,V3,V7,V14,V6,V4,V4,V4,V3,V14,V6,V4,V4,V5,V8,V14,V6,V4,V5,V6
6,V3,V13,V12,V4,V20,V1,V6,V13,V5,V3,V6,V14,V6,V13,V5,V4,V4,V13,V8,V13,V5,V4,V6,V9,V13,V13,V5,V3,V15,V17,V15,V14,V19,V3,V20,V15,V15,V13,V19,V4,V19,V14,V12,V13,V19,V3,V6,V20,V18,V13,V19,V3,V9,V17,V7,V13,V10,V4,V16,V13,V3,V14,V10,V3,V18,V19,V9,V13,V9,V3,V18,V3,V12,V13,V9,V3,V4,V3,V12,V13,V9,V3,V6,V3,V12,V13,V9,V3,V15,V3,V2,V13,V9,V3,V20,V3,V2,V13,V9,V3,V10,V3,V2,V13,V14,V3,V1,V3,V10,V13,V9,V3,V10,V3,V8,V13,V9,V3,V2,V3,V8,V13,V9,V3,V18,V3,V1,V13,V9,V3,V11,V3,V13,V13,V19,V11,V5,V4,V3,V9,V4,V14,V13,V9,V10,V8,V19,V8,V14,V5,V14,V1,V19,V6,V14,V20,V10,V1,V10,V1,V8,V3,V4,V14,V19,V13,V8,V16,V10,V14,V19,V13,V15,V7,V8,V11,V4,V11,V5,V8,V9,V16,V3,V4,V6,V10,V13,V14,V4,V1,V6,V18,V13,V14,V10,V2,V16,V4,V14,V13,V5,V3,V5,V20,V13,V13,V5,V3,V5,V6,V10,V13,V5,V3,V5,V4,V5,V13,V5,V3,V4,V8,V10,V13,V5,V3,V5,V5,V12,V13,V5,V3,V5,V13,V10,V13,V5,V3,V4,V4,V9,V13,V5,V3,V4,V20,V9,V13,V5,V3,V20,V3,V1,V13,V5,V3,V20,V4,V9,V13,V5,V3,V4,V5
7,V1,V12,V18,V3,V1,V9,V2,V12,V19,V20,V7,V13,V18,V12,V10,V3,V16,V6,V18,V12,V10,V3,V18,V7,V10,V12,V19,V20,V17,V16,V2,V12,V5,V20,V10,V9,V18,V12,V10,V3,V16,V7,V13,V12,V5,V20,V20,V17,V15,V12,V10,V20,V6,V1,V18,V12,V19,V3,V9,V7,V16,V13,V15,V20,V15,V16,V10,V12,V10,V20,V19,V20,V10,V12,V10,V20,V13,V20,V14,V12,V10,V20,V9,V20,V19,V12,V10,V20,V7,V20,V11,V12,V10,V20,V2,V20,V13,V12,V10,V20,V6,V20,V14,V12,V10,V20,V2,V20,V6,V12,V10,V20,V11,V20,V5,V12,V10,V20,V12,V20,V2,V12,V10,V20,V5,V20,V9,V12,V10,V20,V10,V20,V15,V14,V17,V19,V15,V3,V5,V14,V3,V10,V16,V7,V7,V13,V10,V13,V5,V2,V13,V11,V17,V10,V20,V14,V2,V14,V6,V2,V17,V2,V7,V16,V6,V1,V15,V11,V15,V9,V10,V3,V14,V6,V7,V2,V2,V12,V11,V7,V4,V6,V13,V12,V17,V20,V11,V16,V3,V11,V17,V11,V7,V11,V13,V13,V12,V3,V4,V12,V4,V20,V4,V2,V8,V12,V4,V20,V4,V19,V14,V12,V4,V20,V4,V3,V15,V12,V4,V20,V20,V6,V13,V12,V4,V20,V4,V4,V8,V12,V4,V20,V4,V12,V9,V12,V4,V20,V20,V3,V12,V12,V4,V20,V20,V2,V12,V12,V4,V20,V2,V20,V2,V12,V4,V20,V2,V3,V14,V12,V4,V20,V20,V4
8,V12,V11,V19,V20,V7,V15,V13,V11,V10,V2,V20,V10,V8,V11,V19,V20,V14,V19,V11,V11,V19,V20,V7,V5,V15,V11,V10,V2,V20,V9,V5,V11,V18,V2,V15,V4,V5,V11,V5,V20,V2,V13,V2,V11,V10,V2,V11,V16,V10,V11,V5,V2,V5,V4,V10,V11,V18,V20,V14,V10,V1,V12,V5,V2,V19,V7,V6,V11,V17,V2,V17,V2,V14,V11,V17,V2,V9,V2,V10,V11,V18,V2,V2,V2,V10,V11,V18,V2,V18,V2,V9,V11,V18,V2,V6,V2,V5,V11,V18,V2,V12,V2,V6,V11,V18,V2,V5,V2,V2,V11,V18,V2,V19,V2,V10,V11,V18,V2,V7,V2,V1,V11,V18,V2,V11,V2,V18,V11,V18,V2,V2,V2,V5,V11,V6,V1,V3,V12,V14,V11,V19,V7,V9,V5,V19,V9,V17,V6,V13,V13,V9,V8,V10,V1,V13,V1,V15,V6,V19,V3,V2,V10,V5,V9,V17,V18,V9,V10,V2,V11,V17,V15,V11,V15,V2,V8,V17,V19,V1,V4,V13,V14,V17,V10,V9,V2,V2,V3,V17,V8,V13,V2,V14,V8,V16,V12,V3,V19,V12,V11,V20,V2,V20,V19,V6,V11,V20,V2,V20,V13,V9,V11,V20,V2,V20,V20,V9,V11,V20,V2,V2,V5,V18,V11,V20,V2,V20,V3,V10,V11,V20,V2,V20,V11,V8,V11,V20,V2,V2,V20,V6,V11,V20,V2,V2,V19,V4,V11,V20,V2,V19,V2,V7,V11,V20,V2,V19,V20,V10,V11,V20,V2,V2,V3
9,V2,V10,V10,V2,V17,V16,V7,V10,V18,V19,V4,V9,V11,V10,V18,V2,V20,V18,V13,V10,V18,V2,V9,V20,V2,V10,V18,V19,V7,V7,V18,V10,V10,V19,V8,V16,V9,V10,V18,V2,V7,V9,V5,V10,V18,V19,V2,V14,V11,V10,V18,V19,V11,V5,V5,V10,V5,V2,V10,V9,V5,V11,V18,V19,V9,V15,V18,V10,V18,V19,V6,V19,V7,V10,V18,V19,V17,V19,V7,V10,V17,V19,V19,V19,V1,V10,V17,V19,V1,V19,V5,V10,V17,V19,V5,V19,V6,V10,V17,V19,V2,V19,V12,V10,V17,V19,V13,V19,V12,V10,V17,V19,V12,V19,V14,V10,V17,V19,V6,V19,V9,V10,V17,V19,V19,V19,V14,V10,V17,V19,V4,V19,V16,V9,V16,V12,V20,V9,V19,V6,V15,V9,V12,V4,V12,V16,V15,V20,V11,V9,V10,V9,V15,V15,V18,V9,V18,V9,V9,V18,V12,V8,V10,V20,V13,V9,V20,V2,V12,V8,V13,V1,V16,V12,V13,V9,V19,V3,V15,V3,V18,V8,V2,V2,V18,V15,V7,V4,V16,V12,V12,V17,V2,V20,V19,V9,V10,V18,V5,V10,V2,V19,V2,V18,V10,V10,V2,V19,V2,V11,V18,V10,V2,V19,V2,V2,V6,V10,V2,V19,V19,V4,V9,V10,V2,V19,V2,V20,V13,V10,V2,V19,V2,V1,V17,V10,V2,V19,V19,V2,V18,V10,V2,V19,V19,V18,V6,V10,V2,V19,V18,V19,V8,V10,V2,V19,V18,V2,V7,V10,V2,V19,V19,V2
10,V6,V9,V8,V19,V10,V2,V10,V9,V8,V18,V15,V8,V2,V9,V8,V19,V10,V16,V17,V9,V8,V19,V5,V19,V8,V9,V8,V18,V6,V15,V7,V9,V8,V18,V12,V12,V7,V9,V8,V19,V4,V8,V18,V9,V8,V18,V12,V18,V4,V9,V8,V18,V16,V19,V8,V9,V8,V19,V20,V8,V18,V10,V8,V18,V17,V8,V13,V9,V7,V18,V5,V18,V8,V9,V7,V18,V19,V18,V9,V9,V7,V18,V5,V18,V2,V9,V7,V18,V2,V18,V13,V9,V7,V18,V1,V18,V10,V9,V7,V18,V7,V18,V1,V9,V7,V18,V11,V18,V7,V9,V7,V18,V2,V18,V2,V9,V7,V18,V14,V18,V10,V9,V7,V18,V12,V18,V6,V9,V7,V18,V20,V18,V2,V8,V11,V7,V17,V13,V13,V8,V11,V12,V20,V3,V2,V7,V11,V12,V19,V8,V15,V6,V9,V20,V12,V8,V5,V8,V15,V11,V1,V9,V6,V6,V10,V2,V6,V9,V13,V6,V2,V18,V19,V8,V15,V20,V13,V10,V17,V20,V6,V19,V16,V7,V16,V13,V1,V10,V15,V3,V8,V16,V20,V6,V15,V19,V4,V16,V18,V9,V19,V18,V19,V17,V14,V9,V19,V18,V19,V20,V5,V9,V19,V18,V19,V18,V13,V9,V19,V18,V18,V3,V14,V9,V19,V18,V19,V2,V18,V9,V19,V18,V19,V8,V5,V9,V19,V18,V18,V19,V5,V9,V19,V18,V18,V17,V10,V9,V19,V18,V17,V18,V13,V9,V19,V18,V17,V16,V6,V9,V19,V18,V18,V19
11,V15,V8,V11,V18,V2,V17,V17,V8,V11,V17,V2,V7,V14,V8,V11,V18,V7,V15,V10,V8,V11,V18,V4,V18,V12,V8,V13,V17,V4,V14,V10,V8,V13,V17,V4,V11,V10,V8,V13,V18,V17,V6,V11,V8,V13,V17,V18,V8,V5,V8,V13,V17,V2,V18,V13,V8,V13,V18,V11,V3,V7,V9,V13,V17,V12,V6,V5,V8,V11,V17,V12,V17,V9,V8,V11,V17,V2,V17,V2,V8,V11,V17,V1,V17,V9,V8,V11,V17,V12,V17,V14,V8,V11,V17,V7,V17,V7,V8,V11,V17,V11,V17,V13,V8,V11,V17,V6,V17,V1,V8,V11,V17,V5,V17,V11,V8,V11,V17,V19,V17,V5,V8,V11,V17,V14,V17,V8,V8,V11,V17,V12,V17,V14,V7,V10,V18,V19,V20,V9,V7,V6,V19,V14,V20,V5,V19,V9,V7,V9,V7,V7,V20,V6,V14,V8,V7,V11,V20,V17,V7,V9,V20,V2,V19,V16,V6,V16,V4,V17,V19,V16,V2,V6,V5,V12,V6,V16,V4,V13,V2,V7,V9,V19,V9,V2,V11,V20,V13,V14,V18,V4,V12,V18,V9,V17,V18,V2,V14,V13,V8,V18,V17,V18,V16,V4,V8,V18,V17,V18,V2,V4,V8,V18,V17,V18,V17,V8,V8,V18,V17,V17,V20,V17,V8,V18,V17,V18,V18,V17,V8,V18,V17,V18,V3,V14,V8,V18,V17,V17,V18,V13,V8,V18,V17,V17,V16,V11,V8,V18,V17,V15,V16,V12,V8,V18,V17,V15,V15,V4,V8,V18,V17,V17,V18
12,V8,V7,V17,V17,V8,V19,V18,V7,V17,V16,V11,V5,V4,V7,V13,V17,V9,V7,V4,V7,V13,V17,V20,V16,V11,V7,V11,V16,V14,V12,V4,V7,V11,V16,V14,V17,V2,V7,V11,V17,V14,V5,V9,V7,V11,V16,V10,V6,V13,V7,V11,V16,V13,V14,V4,V7,V11,V17,V6,V18,V6,V8,V11,V16,V1,V5,V12,V7,V20,V16,V20,V16,V13,V7,V20,V16,V12,V16,V1,V7,V20,V16,V12,V16,V7,V7,V20,V16,V6,V16,V18,V7,V20,V16,V11,V16,V17,V7,V20,V16,V13,V16,V9,V7,V20,V16,V19,V16,V8,V7,V20,V16,V20,V16,V9,V7,V20,V16,V5,V16,V12,V7,V20,V16,V7,V16,V2,V7,V20,V16,V1,V16,V11,V19,V15,V13,V14,V8,V6,V19,V16,V15,V18,V19,V9,V20,V6,V3,V10,V6,V19,V4,V13,V9,V19,V6,V14,V12,V13,V19,V18,V15,V13,V7,V15,V10,V7,V3,V11,V7,V15,V11,V18,V20,V5,V4,V15,V20,V20,V19,V5,V18,V15,V19,V20,V8,V5,V20,V2,V15,V14,V8,V5,V4,V2,V14,V8,V11,V6,V7,V17,V16,V17,V14,V11,V7,V17,V16,V17,V17,V6,V7,V17,V16,V17,V16,V14,V7,V17,V16,V15,V18,V5,V7,V17,V16,V17,V17,V15,V7,V17,V16,V17,V19,V12,V7,V17,V16,V15,V17,V11,V7,V17,V16,V15,V15,V8,V7,V17,V16,V14,V15,V6,V7,V17,V16,V14,V14,V20,V7,V17,V16,V15,V17
13,V18,V6,V13,V16,V13,V14,V5,V6,V13,V15,V18,V3,V10,V6,V17,V16,V5,V4,V5,V6,V17,V16,V19,V14,V14,V6,V17,V15,V12,V19,V13,V6,V17,V15,V6,V14,V17,V6,V17,V16,V10,V3,V14,V6,V17,V15,V9,V4,V17,V6,V17,V15,V14,V8,V2,V6,V17,V16,V2,V17,V12,V7,V17,V15,V14,V4,V1,V6,V19,V15,V2,V15,V2,V6,V13,V15,V1,V15,V5,V6,V13,V15,V20,V15,V8,V6,V13,V15,V11,V15,V7,V6,V13,V15,V13,V15,V14,V6,V13,V15,V19,V15,V7,V6,V13,V15,V12,V15,V13,V6,V13,V15,V14,V15,V7,V6,V13,V15,V1,V15,V14,V6,V13,V15,V17,V15,V7,V6,V13,V15,V6,V15,V9,V20,V14,V2,V6,V6,V7,V20,V13,V4,V11,V18,V13,V6,V13,V9,V17,V19,V12,V3,V11,V12,V9,V5,V19,V19,V16,V20,V3,V14,V11,V12,V11,V5,V14,V18,V9,V3,V11,V6,V13,V2,V18,V3,V14,V18,V16,V17,V19,V20,V14,V8,V19,V12,V15,V19,V19,V19,V3,V20,V9,V3,V14,V8,V1,V8,V9,V6,V15,V15,V15,V13,V9,V6,V15,V15,V15,V16,V15,V6,V15,V15,V15,V15,V18,V6,V15,V15,V14,V17,V6,V6,V15,V15,V15,V16,V6,V6,V15,V15,V15,V17,V4,V6,V15,V15,V14,V16,V14,V6,V15,V15,V14,V12,V19,V6,V15,V15,V13,V14,V20,V6,V15,V15,V13,V13,V5,V6,V15,V15,V14,V15
14,V19,V5,V2,V15,V9,V13,V9,V5,V2,V14,V10,V2,V9,V5,V2,V15,V11,V1,V2,V5,V2,V15,V17,V13,V19,V5,V2,V14,V5,V8,V9,V5,V2,V14,V2,V8,V11,V5,V2,V15,V11,V2,V10,V5,V2,V14,V7,V3,V9,V5,V2,V14,V7,V7,V11,V5,V2,V15,V19,V16,V8,V6,V7,V14,V20,V18,V11,V5,V13,V14,V7,V14,V18,V5,V19,V14,V11,V14,V6,V5,V19,V14,V14,V14,V11,V5,V19,V14,V5,V14,V12,V5,V19,V14,V19,V14,V9,V5,V19,V14,V5,V14,V11,V5,V19,V14,V20,V14,V19,V5,V19,V14,V1,V14,V13,V5,V19,V14,V9,V14,V7,V5,V19,V14,V2,V14,V10,V5,V19,V14,V7,V14,V18,V4,V9,V9,V12,V2,V12,V10,V9,V8,V8,V17,V11,V10,V16,V19,V15,V18,V11,V19,V16,V7,V6,V4,V13,V7,V11,V13,V10,V7,V14,V8,V9,V19,V18,V17,V6,V4,V14,V12,V10,V19,V9,V19,V12,V1,V4,V16,V14,V7,V11,V15,V13,V9,V14,V2,V11,V6,V7,V14,V11,V19,V1,V1,V9,V7,V10,V5,V14,V14,V14,V12,V5,V5,V14,V14,V14,V10,V13,V5,V14,V14,V14,V14,V11,V5,V14,V14,V13,V15,V4,V5,V14,V14,V14,V15,V4,V5,V14,V14,V14,V16,V6,V5,V14,V14,V13,V14,V19,V5,V14,V14,V13,V11,V14,V5,V14,V14,V12,V12,V5,V5,V14,V14,V12,V12,V12,V5,V14,V14,V13,V13
15,V10,V4,V9,V14,V12,V18,V14,V4,V9,V13,V5,V19,V7,V4,V7,V14,V19,V9,V7,V4,V7,V14,V13,V12,V17,V4,V9,V13,V1,V11,V11,V4,V7,V13,V18,V7,V13,V4,V7,V14,V20,V18,V4,V4,V7,V13,V19,V2,V2,V4,V7,V13,V20,V6,V19,V4,V7,V14,V13,V15,V2,V5,V2,V13,V6,V17,V2,V4,V6,V13,V1,V13,V6,V4,V6,V13,V5,V13,V18,V4,V6,V13,V18,V13,V13,V4,V6,V13,V20,V13,V1,V4,V6,V13,V10,V13,V18,V4,V6,V13,V17,V13,V5,V4,V6,V13,V15,V13,V5,V4,V6,V13,V8,V13,V12,V4,V6,V13,V20,V13,V17,V4,V6,V13,V6,V13,V11,V4,V6,V13,V5,V13,V12,V3,V13,V6,V7,V18,V11,V17,V14,V17,V10,V16,V20,V12,V14,V17,V20,V17,V18,V12,V1,V8,V10,V3,V6,V4,V14,V15,V19,V6,V9,V4,V14,V15,V1,V15,V14,V20,V12,V10,V20,V18,V1,V7,V11,V9,V9,V15,V1,V4,V9,V18,V3,V6,V6,V8,V1,V20,V20,V13,V6,V12,V11,V15,V20,V2,V11,V4,V13,V13,V13,V11,V15,V4,V13,V13,V13,V1,V8,V4,V13,V13,V13,V13,V20,V4,V13,V13,V12,V14,V15,V4,V13,V13,V13,V14,V11,V4,V13,V13,V13,V15,V19,V4,V13,V13,V12,V13,V8,V4,V13,V13,V12,V10,V5,V4,V13,V13,V11,V10,V18,V4,V13,V13,V11,V11,V15,V4,V13,V13,V12,V12
16,V11,V3,V7,V12,V4,V6,V11,V3,V7,V12,V9,V18,V13,V3,V9,V12,V2,V8,V9,V3,V9,V12,V14,V11,V5,V3,V7,V12,V9,V10,V17,V3,V9,V12,V16,V5,V19,V3,V9,V12,V5,V15,V7,V3,V9,V12,V1,V13,V7,V3,V9,V12,V4,V2,V14,V3,V9,V12,V8,V14,V13,V4,V9,V12,V3,V13,V8,V3,V5,V12,V13,V12,V19,V3,V5,V12,V7,V12,V13,V3,V5,V12,V11,V12,V18,V3,V5,V12,V19,V12,V6,V3,V5,V12,V17,V12,V11,V3,V5,V12,V1,V12,V17,V3,V5,V12,V14,V12,V11,V3,V5,V12,V13,V12,V20,V3,V5,V12,V13,V12,V11,V3,V5,V12,V13,V12,V20,V3,V5,V12,V17,V12,V19,V12,V1,V4,V13,V11,V20,V4,V1,V6,V2,V15,V6,V4,V1,V4,V12,V16,V20,V7,V14,V17,V5,V19,V1,V3,V12,V9,V4,V5,V19,V3,V12,V8,V11,V14,V19,V12,V1,V9,V1,V16,V20,V12,V1,V17,V3,V14,V12,V3,V20,V11,V4,V5,V18,V12,V9,V13,V1,V1,V12,V10,V20,V6,V17,V15,V20,V3,V12,V12,V12,V10,V17,V3,V12,V12,V12,V4,V11,V3,V12,V12,V12,V12,V10,V3,V12,V12,V11,V13,V12,V3,V12,V12,V12,V12,V9,V3,V12,V12,V12,V14,V20,V3,V12,V12,V11,V12,V4,V3,V12,V12,V11,V1,V15,V3,V12,V12,V10,V1,V14,V3,V12,V12,V10,V10,V13,V3,V12,V12,V11,V11
17,V13,V2,V14,V11,V19,V8,V19,V2,V14,V11,V19,V16,V17,V2,V14,V11,V12,V20,V19,V2,V14,V11,V16,V1,V4,V2,V14,V11,V13,V1,V14,V2,V14,V11,V7,V2,V4,V2,V14,V11,V9,V12,V17,V2,V14,V11,V15,V12,V19,V2,V14,V11,V19,V15,V9,V2,V14,V11,V1,V12,V9,V2,V14,V11,V7,V11,V17,V2,V1,V11,V10,V11,V11,V2,V1,V11,V10,V11,V19,V2,V1,V11,V13,V11,V5,V2,V1,V11,V13,V11,V19,V2,V1,V11,V4,V11,V12,V2,V1,V11,V18,V11,V18,V2,V1,V11,V16,V11,V17,V2,V1,V11,V7,V11,V19,V2,V1,V11,V4,V11,V19,V2,V1,V11,V16,V11,V19,V2,V1,V11,V13,V11,V17,V10,V20,V10,V8,V10,V17,V3,V20,V18,V5,V14,V14,V3,V12,V15,V18,V15,V2,V18,V12,V5,V2,V15,V20,V18,V1,V17,V14,V16,V18,V18,V1,V20,V2,V13,V18,V17,V9,V17,V8,V14,V19,V17,V9,V2,V8,V11,V11,V12,V1,V20,V12,V16,V9,V18,V20,V17,V19,V5,V1,V17,V9,V17,V13,V13,V15,V2,V11,V11,V11,V1,V18,V2,V11,V11,V11,V3,V19,V2,V11,V11,V11,V11,V19,V2,V11,V11,V10,V12,V11,V2,V11,V11,V11,V11,V5,V2,V11,V11,V11,V10,V15,V2,V11,V11,V10,V11,V17,V2,V11,V11,V10,V14,V17,V2,V11,V11,V1,V11,V11,V2,V11,V11,V1,V1,V11,V2,V11,V11,V10,V10
18,V5,V19,V20,V10,V14,V7,V4,V19,V20,V10,V1,V12,V19,V19,V20,V10,V13,V2,V20,V19,V20,V10,V2,V6,V9,V19,V20,V10,V2,V6,V19,V19,V20,V10,V19,V18,V14,V19,V20,V10,V1,V1,V20,V19,V20,V10,V16,V1,V14,V19,V20,V10,V12,V13,V17,V19,V20,V10,V12,V11,V14,V19,V20,V10,V4,V10,V19,V19,V2,V10,V14,V10,V17,V19,V2,V10,V20,V10,V20,V19,V2,V10,V7,V10,V17,V19,V2,V10,V17,V10,V17,V19,V2,V10,V18,V10,V19,V19,V2,V10,V9,V10,V20,V19,V2,V10,V9,V10,V20,V19,V2,V10,V15,V10,V17,V19,V2,V10,V16,V10,V20,V19,V2,V10,V4,V10,V12,V19,V2,V10,V14,V10,V1,V18,V12,V8,V9,V16,V1,V18,V12,V5,V15,V10,V17,V17,V20,V14,V7,V14,V1,V10,V20,V16,V7,V10,V12,V10,V20,V5,V11,V19,V17,V17,V20,V17,V10,V12,V20,V10,V20,V5,V9,V13,V14,V10,V20,V13,V19,V10,V20,V10,V12,V17,V10,V14,V19,V9,V12,V16,V18,V15,V17,V18,V12,V20,V7,V10,V19,V19,V10,V10,V10,V15,V20,V19,V10,V10,V10,V18,V20,V19,V10,V10,V10,V1,V17,V19,V10,V10,V1,V11,V20,V19,V10,V10,V10,V10,V19,V19,V10,V10,V10,V20,V18,V19,V10,V10,V1,V1,V15,V19,V10,V10,V1,V8,V18,V19,V10,V10,V16,V13,V19,V19,V10,V10,V3,V17,V17,V19,V10,V10,V1,V1
19,V20,V20,V4,V1,V11,V5,V20,V20,V4,V1,V13,V11,V20,V20,V4,V1,V1,V10,V14,V20,V4,V1,V12,V17,V20,V20,V4,V1,V18,V3,V20,V20,V4,V1,V1,V10,V20,V20,V4,V1,V6,V17,V19,V20,V4,V1,V13,V19,V20,V20,V4,V1,V1,V12,V20,V20,V4,V1,V3,V1,V20,V20,V4,V1,V2,V1,V20,V20,V12,V1,V9,V1,V20,V20,V12,V1,V6,V1,V17,V20,V12,V1,V17,V1,V20,V20,V12,V1,V14,V1,V20,V20,V12,V1,V8,V1,V20,V20,V12,V1,V14,V1,V19,V20,V12,V1,V10,V1,V18,V20,V12,V1,V17,V1,V18,V20,V12,V1,V3,V1,V18,V20,V12,V1,V3,V1,V17,V20,V12,V1,V3,V1,V20,V17,V18,V3,V1,V15,V18,V12,V18,V20,V19,V2,V18,V18,V18,V11,V2,V1,V17,V17,V18,V2,V16,V13,V17,V17,V18,V6,V20,V1,V20,V10,V18,V7,V19,V1,V5,V18,V18,V20,V7,V10,V17,V18,V18,V8,V18,V1,V17,V17,V18,V5,V7,V1,V17,V7,V18,V7,V9,V10,V19,V7,V18,V7,V18,V1,V17,V20,V1,V1,V1,V9,V19,V20,V1,V1,V1,V15,V17,V20,V1,V1,V1,V8,V4,V20,V1,V1,V16,V1,V19,V20,V1,V1,V1,V1,V20,V20,V1,V1,V1,V2,V11,V20,V1,V1,V16,V15,V20,V20,V1,V1,V16,V13,V20,V20,V1,V1,V3,V17,V17,V20,V1,V1,V16,V18,V19,V20,V1,V1,V3,V14
